{"cameraMode":{"drawMode":0,"name":"Shaded","section":"Shading Mode"},"sceneLighting":true,"audioPlay":false,"sceneViewState":{"showFog":true,"showMaterialUpdate":false,"showSkybox":true,"showFlares":true,"showImageEffects":true,"showParticleSystems":true},"in2DMode":false,"pivot":{"x":2.7418556213378908,"y":2.559499740600586,"z":0.5008236765861511},"rotation":{"x":-0.048713766038417819,"y":-0.3846456706523895,"z":0.020327763631939889,"w":-0.9215595126152039},"size":1.1366701126098633,"orthographic":false}