{"cameraMode":{"drawMode":0,"name":"Shaded","section":"Shading Mode"},"sceneLighting":true,"audioPlay":false,"sceneViewState":{"showFog":true,"showMaterialUpdate":false,"showSkybox":true,"showFlares":true,"showImageEffects":true,"showParticleSystems":true},"in2DMode":false,"pivot":{"x":6.056431293487549,"y":2.568282127380371,"z":5.519500732421875},"rotation":{"x":-0.3199416995048523,"y":-0.29621824622154238,"z":0.10613089799880982,"w":-0.8936909437179565},"size":5.731856822967529,"orthographic":false}