{"cameraMode":{"drawMode":0,"name":"Shaded","section":"Shading Mode"},"sceneLighting":true,"audioPlay":false,"sceneViewState":{"showFog":true,"showMaterialUpdate":false,"showSkybox":true,"showFlares":true,"showImageEffects":true,"showParticleSystems":true},"in2DMode":false,"pivot":{"x":4.496174335479736,"y":4.166263103485107,"z":-2.2086925506591799},"rotation":{"x":-0.01829921454191208,"y":0.944907009601593,"z":-0.32239803671836855,"w":-0.05363290756940842},"size":4.648434638977051,"orthographic":false}