{"cameraMode":{"drawMode":0,"name":"Shaded","section":"Shading Mode"},"sceneLighting":true,"audioPlay":false,"sceneViewState":{"showFog":true,"showMaterialUpdate":false,"showSkybox":true,"showFlares":true,"showImageEffects":true,"showParticleSystems":true},"in2DMode":false,"pivot":{"x":519.3207397460938,"y":347.4418029785156,"z":-344.02728271484377},"rotation":{"x":0.04048874229192734,"y":-0.0035988464951515199,"z":0.0001458792685298249,"w":0.9991747140884399},"size":173.8142547607422,"orthographic":false}