{"cameraMode":{"drawMode":0,"name":"Shaded","section":"Shading Mode"},"sceneLighting":true,"audioPlay":false,"sceneViewState":{"showFog":true,"showMaterialUpdate":false,"showSkybox":true,"showFlares":true,"showImageEffects":true,"showParticleSystems":true},"in2DMode":false,"pivot":{"x":-0.1689453125,"y":6.622314453125,"z":0.81396484375},"rotation":{"x":-0.49717509746551516,"y":-0.4512849450111389,"z":0.3420158326625824,"w":-0.6576269268989563},"size":3.8602278232574465,"orthographic":true}