{"cameraMode":{"drawMode":0,"name":"Shaded","section":"Shading Mode"},"sceneLighting":false,"audioPlay":false,"sceneViewState":{"showFog":true,"showMaterialUpdate":false,"showSkybox":false,"showFlares":true,"showImageEffects":true,"showParticleSystems":true},"in2DMode":false,"pivot":{"x":-12.673786163330079,"y":1.6336596012115479,"z":-3.639155864715576},"rotation":{"x":-0.11471457034349442,"y":0.5572824478149414,"z":-0.07806779444217682,"w":-0.8188337087631226},"size":0.19922377169132234,"orthographic":true}