{"cameraMode":{"drawMode":0,"name":"Shaded","section":"Shading Mode"},"sceneLighting":false,"audioPlay":false,"sceneViewState":{"showFog":true,"showMaterialUpdate":false,"showSkybox":false,"showFlares":true,"showImageEffects":true,"showParticleSystems":true},"in2DMode":false,"pivot":{"x":0.019723445177078248,"y":1.5253574848175049,"z":0.07393461465835571},"rotation":{"x":-0.00028331950306892395,"y":0.9944894909858704,"z":-0.10480733960866928,"w":-0.0026887250132858755},"size":0.9413142204284668,"orthographic":false}