{"cameraMode":{"drawMode":0,"name":"Shaded","section":"Shading Mode"},"sceneLighting":true,"audioPlay":false,"sceneViewState":{"showFog":true,"showMaterialUpdate":false,"showSkybox":true,"showFlares":true,"showImageEffects":true,"showParticleSystems":true},"in2DMode":false,"pivot":{"x":2.281125545501709,"y":2.551500082015991,"z":1.6142714023590088},"rotation":{"x":0.49954932928085329,"y":0.23597215116024018,"z":-0.1438312530517578,"w":0.8211733102798462},"size":2.872847318649292,"orthographic":true}