{"cameraMode":{"drawMode":0,"name":"Shaded","section":"Shading Mode"},"sceneLighting":true,"audioPlay":false,"sceneViewState":{"showFog":true,"showMaterialUpdate":false,"showSkybox":true,"showFlares":true,"showImageEffects":true,"showParticleSystems":true},"in2DMode":false,"pivot":{"x":-0.8384996652603149,"y":4.2897443771362309,"z":4.689436912536621},"rotation":{"x":-0.150541290640831,"y":0.034666985273361209,"z":-0.005310330539941788,"w":-0.9881411790847778},"size":1.3036034107208253,"orthographic":true}