{"cameraMode":{"drawMode":0,"name":"Shaded","section":"Shading Mode"},"sceneLighting":true,"audioPlay":false,"sceneViewState":{"showFog":true,"showMaterialUpdate":false,"showSkybox":true,"showFlares":true,"showImageEffects":true,"showParticleSystems":true},"in2DMode":false,"pivot":{"x":0.5585865378379822,"y":-3.075007438659668,"z":-1.5030431747436524},"rotation":{"x":-0.44467633962631228,"y":-0.002149280160665512,"z":0.0010723188752308488,"w":-0.8956963419914246},"size":10.646300315856934,"orthographic":false}