{"cameraMode":{"drawMode":0,"name":"Shaded","section":"Shading Mode"},"sceneLighting":true,"audioPlay":false,"sceneViewState":{"showFog":true,"showMaterialUpdate":false,"showSkybox":true,"showFlares":true,"showImageEffects":true,"showParticleSystems":true},"in2DMode":false,"pivot":{"x":-19.94663429260254,"y":-0.000766754150390625,"z":-19.53307342529297},"rotation":{"x":-0.1968817561864853,"y":0.035872768610715869,"z":-0.007207255810499191,"w":-0.979748547077179},"size":123.94213104248047,"orthographic":false}